stu_no,batch,final_mark,final_grade
STU0001,2020,90,A+
STU0002,2020,57,C+
STU0003,2020,51,C
STU0004,2020,80,A
STU0005,2020,44,D+
STU0006,2020,78,A-
STU0007,2020,88,A+
STU0008,2020,41,D+
STU0009,2020,42,D+
STU0010,2020,81,A
STU0011,2020,44,D+
STU0012,2020,50,C
STU0013,2020,47,C-
STU0014,2020,46,C-
STU0015,2020,53,C
STU0016,2020,65,B
STU0017,2020,87,A+
STU0018,2020,39,D
STU0019,2020,30,E
STU0020,2020,57,C+
STU0021,2020,60,B-
STU0022,2020,86,A+
STU0023,2020,66,B
STU0024,2020,52,C
STU0025,2020,76,A-
STU0026,2020,34,E
STU0027,2020,63,B-
STU0028,2020,53,C
STU0029,2020,60,B-
STU0030,2020,85,A+
STU0031,2020,44,D+
STU0032,2020,64,B-
STU0033,2020,74,B+
STU0034,2020,49,C-
STU0035,2020,37,D
STU0036,2020,67,B
STU0037,2020,73,B+
STU0038,2020,61,B-
STU0039,2020,70,B+
STU0040,2020,47,C-
STU0041,2020,61,B-
STU0042,2020,86,A+
STU0043,2020,91,A+
STU0044,2020,49,C-
STU0045,2020,77,A-
STU0046,2020,75,A-
STU0047,2020,73,B+
STU0048,2020,67,B
STU0049,2020,49,C-
STU0050,2020,46,C-
STU0051,2020,51,C
STU0052,2020,77,A-
STU0053,2020,67,B
STU0054,2020,46,C-
STU0055,2020,48,C-
STU0056,2020,88,A+
STU0057,2020,71,B+
STU0058,2020,56,C+
STU0059,2020,69,B
STU0060,2020,77,A-
STU0061,2020,83,A
STU0062,2020,72,B+
STU0063,2020,64,B-
STU0064,2020,42,D+
STU0065,2020,74,B+
STU0066,2020,73,B+
STU0067,2020,67,B
STU0068,2020,58,C+
STU0069,2020,65,B
STU0070,2020,59,C+
STU0071,2020,60,B-
STU0072,2020,79,A-
STU0073,2020,35,D
STU0074,2020,36,D
STU0075,2020,67,B
STU0076,2020,81,A
STU0077,2020,60,B-
STU0078,2020,81,A
STU0079,2020,42,D+
STU0080,2020,53,C
STU0081,2020,86,A+
STU0082,2020,51,C
STU0083,2020,45,C-
STU0084,2020,77,A-
STU0085,2020,80,A
STU0086,2020,75,A-
STU0087,2020,37,D
STU0088,2020,72,B+
STU0089,2020,35,D
STU0090,2020,46,C-
STU0091,2020,67,B
STU0092,2020,67,B
STU0093,2020,74,B+
STU0094,2020,50,C
STU0095,2020,69,B
STU0096,2020,79,A-
STU0097,2020,39,D
STU0098,2020,82,A
STU0099,2020,89,A+
STU0100,2020,62,B-
STU0101,2020,45,C-
STU0102,2020,81,A
STU0103,2020,63,B-
STU0104,2020,44,D+
STU0105,2020,82,A
STU0106,2020,32,E
STU0107,2020,51,C
STU0108,2020,66,B
STU0109,2020,67,B
STU0110,2020,59,C+
STU0111,2020,76,A-
STU0112,2020,73,B+
STU0113,2020,52,C
STU0114,2020,92,A+
STU0115,2020,54,C
STU0116,2020,69,B
STU0117,2020,40,D+
STU0118,2020,67,B
STU0119,2020,56,C+
STU0120,2020,51,C
STU0121,2020,44,D+
STU0122,2020,63,B-
STU0123,2020,81,A
STU0124,2020,42,D+
STU0125,2020,79,A-
STU0126,2020,89,A+
STU0127,2020,47,C-
STU0128,2020,54,C
STU0129,2020,69,B
STU0130,2020,77,A-
STU0131,2020,72,B+
STU0132,2020,74,B+
STU0133,2020,49,C-
STU0134,2020,67,B
STU0135,2020,75,A-
STU0136,2020,23,E
STU0137,2020,67,B
STU0138,2020,79,A-
STU0139,2020,48,C-
STU0140,2020,71,B+
STU0141,2020,57,C+
STU0142,2020,61,B-
STU0143,2020,57,C+
STU0144,2020,80,A
STU0145,2020,77,A-
STU0146,2020,73,B+
STU0147,2020,80,A
STU0148,2020,73,B+
STU0149,2020,81,A
STU0150,2020,87,A+
STU0151,2020,87,A+
STU0152,2020,57,C+
STU0153,2020,39,D
STU0154,2020,70,B+
STU0155,2020,77,A-
STU0156,2020,48,C-
STU0157,2020,84,A
STU0158,2020,45,C-
STU0159,2020,70,B+
STU0160,2020,66,B
STU0161,2020,47,C-
STU0162,2020,44,D+
STU0163,2020,73,B+
STU0164,2020,32,E
STU0165,2020,87,A+
STU0166,2020,51,C
STU0167,2020,95,A+
STU0168,2020,55,C+
STU0169,2020,76,A-
STU0170,2020,43,D+
STU0171,2020,63,B-
STU0172,2020,44,D+
STU0173,2020,59,C+
STU0174,2020,73,B+
STU0175,2020,82,A
STU0176,2020,82,A
STU0177,2020,34,E
STU0178,2020,60,B-
STU0179,2020,73,B+
STU0180,2020,83,A
STU0181,2020,86,A+
STU0182,2020,50,C
STU0183,2020,42,D+
STU0184,2020,80,A
STU0185,2020,51,C
STU0186,2020,57,C+
STU0187,2020,62,B-
STU0188,2020,45,C-
STU0189,2020,83,A
STU0190,2020,65,B
STU0191,2020,48,C-
STU0192,2020,81,A
STU0193,2020,63,B-
STU0194,2020,43,D+
STU0195,2020,43,D+
STU0196,2020,76,A-
STU0197,2020,50,C
STU0198,2020,74,B+
STU0199,2020,28,E
STU0200,2020,42,D+
STU0201,2020,67,B
STU0202,2020,55,C+
STU0203,2020,80,A
STU0204,2020,44,D+
STU0205,2020,84,A
STU0206,2020,37,D
STU0207,2020,65,B
STU0208,2020,70,B+
STU0209,2020,81,A
STU0210,2020,82,A
STU0211,2020,75,A-
STU0212,2020,56,C+
STU0213,2020,84,A
STU0214,2020,61,B-
STU0215,2020,86,A+
STU0216,2020,80,A
STU0217,2020,68,B
STU0218,2020,38,D
STU0219,2020,76,A-
STU0220,2020,61,B-
STU0221,2020,74,B+
STU0222,2020,63,B-
STU0223,2020,74,B+
STU0224,2020,43,D+
STU0225,2020,44,D+
STU0226,2020,82,A
STU0227,2020,80,A
STU0228,2020,66,B
STU0229,2020,84,A
STU0230,2020,61,B-
STU0231,2020,40,D+
STU0232,2020,34,E
STU0233,2020,75,A-
STU0234,2020,73,B+
STU0235,2020,56,C+
STU0236,2020,62,B-
STU0237,2020,70,B+
STU0238,2020,85,A+
STU0239,2020,65,B
STU0240,2020,69,B
STU0241,2020,58,C+
STU0242,2020,40,D+
STU0243,2020,28,E
STU0244,2020,51,C
STU0245,2020,76,A-
STU0246,2020,71,B+
STU0247,2020,69,B
STU0248,2020,48,C-
STU0249,2020,65,B
STU0250,2020,65,B
STU0251,2020,58,C+
STU0252,2020,46,C-
STU0253,2020,77,A-
STU0254,2020,85,A+
STU0255,2020,47,C-
STU0256,2020,71,B+
STU0257,2020,86,A+
STU0258,2020,41,D+
STU0259,2020,73,B+
STU0260,2020,72,B+
STU0261,2020,50,C
STU0262,2020,84,A
STU0263,2020,59,C+
STU0264,2020,87,A+
STU0265,2020,74,B+
STU0266,2020,75,A-
STU0267,2020,77,A-
STU0268,2020,74,B+
STU0269,2020,44,D+
STU0270,2020,44,D+
STU0271,2020,74,B+
STU0272,2020,61,B-
STU0273,2020,86,A+
STU0274,2020,40,D+
STU0275,2020,66,B
STU0276,2020,55,C+
STU0277,2020,40,D+
STU0278,2020,56,C+
STU0279,2020,53,C
STU0280,2020,77,A-
STU0281,2020,47,C-
STU0282,2020,31,E
STU0283,2020,57,C+
STU0284,2020,78,A-
STU0285,2020,58,C+
STU0286,2020,77,A-
STU0287,2020,46,C-
STU0288,2020,60,B-
STU0289,2020,86,A+
STU0290,2020,56,C+
STU0291,2020,37,D
STU0292,2020,73,B+
STU0293,2020,60,B-
STU0294,2020,82,A
STU0295,2020,74,B+
STU0296,2020,75,A-
STU0297,2020,76,A-
STU0298,2020,54,C
STU0299,2020,81,A
STU0300,2020,56,C+
STU0301,2020,95,A+
STU0302,2020,62,B-
STU0303,2020,45,C-
STU0304,2020,55,C+
STU0305,2020,71,B+
STU0306,2020,85,A+
STU0307,2020,87,A+
STU0308,2020,82,A
STU0309,2020,78,A-
STU0310,2020,58,C+
STU0311,2020,63,B-
STU0312,2020,91,A+
STU0313,2020,81,A
STU0314,2020,49,C-
STU0315,2020,43,D+
STU0316,2020,69,B
STU0317,2020,69,B
STU0318,2020,66,B
STU0319,2020,89,A+
STU0320,2020,39,D
STU0321,2021,51,C
STU0322,2021,63,B-
STU0323,2021,90,A+
STU0324,2021,80,A
STU0325,2021,53,C
STU0326,2021,34,E
STU0327,2021,34,E
STU0328,2021,37,D
STU0329,2021,72,B+
STU0330,2021,79,A-
STU0331,2021,93,A+
STU0332,2021,38,D
STU0333,2021,46,C-
STU0334,2021,64,B-
STU0335,2021,89,A+
STU0336,2021,80,A
STU0337,2021,43,D+
STU0338,2021,84,A
STU0339,2021,74,B+
STU0340,2021,59,C+
STU0341,2021,92,A+
STU0342,2021,50,C
STU0343,2021,62,B-
STU0344,2021,53,C
STU0345,2021,31,E
STU0346,2021,47,C-
STU0347,2021,68,B
STU0348,2021,65,B
STU0349,2021,39,D
STU0350,2021,66,B
STU0351,2021,37,D
STU0352,2021,73,B+
STU0353,2021,70,B+
STU0354,2021,76,A-
STU0355,2021,71,B+
STU0356,2021,79,A-
STU0357,2021,78,A-
STU0358,2021,39,D
STU0359,2021,42,D+
STU0360,2021,85,A+
STU0361,2021,64,B-
STU0362,2021,54,C
STU0363,2021,60,B-
STU0364,2021,78,A-
STU0365,2021,81,A
STU0366,2021,31,E
STU0367,2021,59,C+
STU0368,2021,68,B
STU0369,2021,76,A-
STU0370,2021,84,A
STU0371,2021,43,D+
STU0372,2021,75,A-
STU0373,2021,56,C+
STU0374,2021,65,B
STU0375,2021,68,B
STU0376,2021,57,C+
STU0377,2021,87,A+
STU0378,2021,85,A+
STU0379,2021,97,A+
STU0380,2021,61,B-
STU0381,2021,69,B
STU0382,2021,70,B+
STU0383,2021,73,B+
STU0384,2021,39,D
STU0385,2021,76,A-
STU0386,2021,98,A+
STU0387,2021,36,D
STU0388,2021,78,A-
STU0389,2021,93,A+
STU0390,2021,81,A
STU0391,2021,63,B-
STU0392,2021,67,B
STU0393,2021,62,B-
STU0394,2021,77,A-
STU0395,2021,75,A-
STU0396,2021,87,A+
STU0397,2021,80,A
STU0398,2021,76,A-
STU0399,2021,72,B+
STU0400,2021,37,D
STU0401,2021,58,C+
STU0402,2021,56,C+
STU0403,2021,47,C-
STU0404,2021,64,B-
STU0405,2021,85,A+
STU0406,2021,52,C
STU0407,2021,41,D+
STU0408,2021,46,C-
STU0409,2021,57,C+
STU0410,2021,42,D+
STU0411,2021,73,B+
STU0412,2021,75,A-
STU0413,2021,75,A-
STU0414,2021,85,A+
STU0415,2021,89,A+
STU0416,2021,73,B+
STU0417,2021,54,C
STU0418,2021,72,B+
STU0419,2021,49,C-
STU0420,2021,28,E
STU0421,2021,75,A-
STU0422,2021,45,C-
STU0423,2021,40,D+
STU0424,2021,65,B
STU0425,2021,86,A+
STU0426,2021,83,A
STU0427,2021,57,C+
STU0428,2021,85,A+
STU0429,2021,88,A+
STU0430,2021,62,B-
STU0431,2021,55,C+
STU0432,2021,27,E
STU0433,2021,52,C
STU0434,2021,71,B+
STU0435,2021,85,A+
STU0436,2021,73,B+
STU0437,2021,41,D+
STU0438,2021,58,C+
STU0439,2021,32,E
STU0440,2021,62,B-
STU0441,2021,64,B-
STU0442,2021,75,A-
STU0443,2021,32,E
STU0444,2021,63,B-
STU0445,2021,81,A
STU0446,2021,43,D+
STU0447,2021,72,B+
STU0448,2021,71,B+
STU0449,2021,43,D+
STU0450,2021,75,A-
STU0451,2021,38,D
STU0452,2021,65,B
STU0453,2021,66,B
STU0454,2021,64,B-
STU0455,2021,72,B+
STU0456,2021,62,B-
STU0457,2021,44,D+
STU0458,2021,68,B
STU0459,2021,49,C-
STU0460,2021,44,D+
STU0461,2021,85,A+
STU0462,2021,54,C
STU0463,2021,85,A+
STU0464,2021,85,A+
STU0465,2021,77,A-
STU0466,2021,82,A
STU0467,2021,49,C-
STU0468,2021,77,A-
STU0469,2021,94,A+
STU0470,2021,43,D+
STU0471,2021,86,A+
STU0472,2021,65,B
STU0473,2021,36,D
STU0474,2021,31,E
STU0475,2021,95,A+
STU0476,2021,79,A-
STU0477,2021,41,D+
STU0478,2021,45,C-
STU0479,2021,46,C-
STU0480,2021,55,C+
STU0481,2021,87,A+
STU0482,2021,64,B-
STU0483,2021,36,D
STU0484,2021,69,B
STU0485,2021,59,C+
STU0486,2021,50,C
STU0487,2021,72,B+
STU0488,2021,43,D+
STU0489,2021,76,A-
STU0490,2021,96,A+
STU0491,2021,84,A
STU0492,2021,73,B+
STU0493,2021,65,B
STU0494,2021,87,A+
STU0495,2021,59,C+
STU0496,2021,53,C
STU0497,2021,54,C
STU0498,2021,87,A+
STU0499,2021,76,A-
STU0500,2021,65,B
STU0501,2021,83,A
STU0502,2021,78,A-
STU0503,2021,65,B
STU0504,2021,66,B
STU0505,2021,17,E
STU0506,2021,83,A
STU0507,2021,74,B+
STU0508,2021,86,A+
STU0509,2021,74,B+
STU0510,2021,82,A
STU0511,2021,57,C+
STU0512,2021,39,D
STU0513,2021,60,B-
STU0514,2021,38,D
STU0515,2021,71,B+
STU0516,2021,62,B-
STU0517,2021,73,B+
STU0518,2021,45,C-
STU0519,2021,40,D+
STU0520,2021,82,A
STU0521,2021,33,E
STU0522,2021,84,A
STU0523,2021,70,B+
STU0524,2021,61,B-
STU0525,2021,84,A
STU0526,2021,57,C+
STU0527,2021,73,B+
STU0528,2021,60,B-
STU0529,2021,40,D+
STU0530,2021,47,C-
STU0531,2021,51,C
STU0532,2021,58,C+
STU0533,2021,44,D+
STU0534,2021,40,D+
STU0535,2021,66,B
STU0536,2021,79,A-
STU0537,2021,38,D
STU0538,2021,46,C-
STU0539,2021,77,A-
STU0540,2021,54,C
STU0541,2021,62,B-
STU0542,2021,40,D+
STU0543,2021,53,C
STU0544,2021,73,B+
STU0545,2021,70,B+
STU0546,2021,40,D+
STU0547,2021,86,A+
STU0548,2021,32,E
STU0549,2021,57,C+
STU0550,2021,42,D+
STU0551,2021,61,B-
STU0552,2021,34,E
STU0553,2021,96,A+
STU0554,2021,50,C
STU0555,2021,37,D
STU0556,2021,48,C-
STU0557,2021,47,C-
STU0558,2021,70,B+
STU0559,2021,79,A-
STU0560,2021,43,D+
STU0561,2021,60,B-
STU0562,2021,73,B+
STU0563,2021,70,B+
STU0564,2021,43,D+
STU0565,2021,36,D
STU0566,2021,72,B+
STU0567,2021,83,A
STU0568,2021,79,A-
STU0569,2021,46,C-
STU0570,2021,55,C+
STU0571,2021,43,D+
STU0572,2021,57,C+
STU0573,2021,48,C-
STU0574,2021,60,B-
STU0575,2021,56,C+
STU0576,2021,78,A-
STU0577,2021,71,B+
STU0578,2021,89,A+
STU0579,2021,34,E
STU0580,2021,73,B+
STU0581,2021,94,A+
STU0582,2021,84,A
STU0583,2021,77,A-
STU0584,2021,86,A+
STU0585,2021,48,C-
STU0586,2021,77,A-
STU0587,2021,77,A-
STU0588,2021,81,A
STU0589,2021,86,A+
STU0590,2021,61,B-
STU0591,2021,43,D+
STU0592,2021,81,A
STU0593,2021,86,A+
STU0594,2021,75,A-
STU0595,2021,60,B-
STU0596,2021,91,A+
STU0597,2021,71,B+
STU0598,2021,35,D
STU0599,2021,79,A-
STU0600,2021,79,A-
STU0601,2021,77,A-
STU0602,2021,33,E
STU0603,2021,72,B+
STU0604,2021,62,B-
STU0605,2021,81,A
STU0606,2021,45,C-
STU0607,2021,77,A-
STU0608,2021,39,D
STU0609,2021,36,D
STU0610,2021,85,A+
STU0611,2021,35,D
STU0612,2021,47,C-
STU0613,2021,84,A
STU0614,2021,83,A
STU0615,2021,62,B-
STU0616,2021,71,B+
STU0617,2021,57,C+
STU0618,2021,56,C+
STU0619,2021,63,B-
STU0620,2021,78,A-
STU0621,2021,50,C
STU0622,2021,52,C
STU0623,2021,88,A+
STU0624,2021,71,B+
STU0625,2021,56,C+
STU0626,2021,56,C+
STU0627,2021,52,C
STU0628,2021,74,B+
STU0629,2021,52,C
STU0630,2021,74,B+
STU0631,2021,52,C
STU0632,2021,87,A+
STU0633,2021,39,D
STU0634,2021,67,B
STU0635,2021,75,A-
STU0636,2021,29,E
STU0637,2021,44,D+
STU0638,2021,42,D+
STU0639,2021,43,D+
STU0640,2021,59,C+
STU0641,2022,63,B-
STU0642,2022,44,D+
STU0643,2022,46,C-
STU0644,2022,47,C-
STU0645,2022,39,D
STU0646,2022,80,A
STU0647,2022,46,C-
STU0648,2022,77,A-
STU0649,2022,66,B
STU0650,2022,87,A+
STU0651,2022,87,A+
STU0652,2022,73,B+
STU0653,2022,29,E
STU0654,2022,26,E
STU0655,2022,78,A-
STU0656,2022,77,A-
STU0657,2022,83,A
STU0658,2022,55,C+
STU0659,2022,68,B
STU0660,2022,78,A-
STU0661,2022,67,B
STU0662,2022,59,C+
STU0663,2022,74,B+
STU0664,2022,46,C-
STU0665,2022,72,B+
STU0666,2022,57,C+
STU0667,2022,60,B-
STU0668,2022,79,A-
STU0669,2022,34,E
STU0670,2022,64,B-
STU0671,2022,74,B+
STU0672,2022,53,C
STU0673,2022,54,C
STU0674,2022,36,D
STU0675,2022,41,D+
STU0676,2022,32,E
STU0677,2022,54,C
STU0678,2022,77,A-
STU0679,2022,76,A-
STU0680,2022,82,A
STU0681,2022,82,A
STU0682,2022,61,B-
STU0683,2022,69,B
STU0684,2022,81,A
STU0685,2022,75,A-
STU0686,2022,58,C+
STU0687,2022,62,B-
STU0688,2022,72,B+
STU0689,2022,89,A+
STU0690,2022,85,A+
STU0691,2022,73,B+
STU0692,2022,53,C
STU0693,2022,37,D
STU0694,2022,29,E
STU0695,2022,54,C
STU0696,2022,71,B+
STU0697,2022,80,A
STU0698,2022,54,C
STU0699,2022,45,C-
STU0700,2022,38,D
STU0701,2022,44,D+
STU0702,2022,70,B+
STU0703,2022,56,C+
STU0704,2022,41,D+
STU0705,2022,49,C-
STU0706,2022,75,A-
STU0707,2022,66,B
STU0708,2022,50,C
STU0709,2022,79,A-
STU0710,2022,46,C-
STU0711,2022,45,C-
STU0712,2022,77,A-
STU0713,2022,42,D+
STU0714,2022,39,D
STU0715,2022,89,A+
STU0716,2022,38,D
STU0717,2022,78,A-
STU0718,2022,46,C-
STU0719,2022,66,B
STU0720,2022,46,C-
STU0721,2022,69,B
STU0722,2022,35,D
STU0723,2022,47,C-
STU0724,2022,38,D
STU0725,2022,96,A+
STU0726,2022,55,C+
STU0727,2022,77,A-
STU0728,2022,81,A
STU0729,2022,80,A
STU0730,2022,90,A+
STU0731,2022,57,C+
STU0732,2022,78,A-
STU0733,2022,56,C+
STU0734,2022,31,E
STU0735,2022,70,B+
STU0736,2022,48,C-
STU0737,2022,80,A
STU0738,2022,71,B+
STU0739,2022,62,B-
STU0740,2022,82,A
STU0741,2022,44,D+
STU0742,2022,48,C-
STU0743,2022,77,A-
STU0744,2022,66,B
STU0745,2022,47,C-
STU0746,2022,42,D+
STU0747,2022,65,B
STU0748,2022,68,B
STU0749,2022,88,A+
STU0750,2022,36,D
STU0751,2022,35,D
STU0752,2022,55,C+
STU0753,2022,35,D
STU0754,2022,49,C-
STU0755,2022,76,A-
STU0756,2022,70,B+
STU0757,2022,90,A+
STU0758,2022,41,D+
STU0759,2022,57,C+
STU0760,2022,28,E
STU0761,2022,44,D+
STU0762,2022,56,C+
STU0763,2022,45,C-
STU0764,2022,49,C-
STU0765,2022,57,C+
STU0766,2022,40,D+
STU0767,2022,80,A
STU0768,2022,70,B+
STU0769,2022,79,A-
STU0770,2022,66,B
STU0771,2022,74,B+
STU0772,2022,90,A+
STU0773,2022,53,C
STU0774,2022,76,A-
STU0775,2022,83,A
STU0776,2022,60,B-
STU0777,2022,79,A-
STU0778,2022,51,C
STU0779,2022,70,B+
STU0780,2022,90,A+
STU0781,2022,38,D
STU0782,2022,67,B
STU0783,2022,44,D+
STU0784,2022,71,B+
STU0785,2022,87,A+
STU0786,2022,68,B
STU0787,2022,70,B+
STU0788,2022,57,C+
STU0789,2022,89,A+
STU0790,2022,63,B-
STU0791,2022,71,B+
STU0792,2022,46,C-
STU0793,2022,68,B
STU0794,2022,79,A-
STU0795,2022,67,B
STU0796,2022,63,B-
STU0797,2022,52,C
STU0798,2022,82,A
STU0799,2022,49,C-
STU0800,2022,63,B-
STU0801,2022,78,A-
STU0802,2022,66,B
STU0803,2022,40,D+
STU0804,2022,67,B
STU0805,2022,88,A+
STU0806,2022,55,C+
STU0807,2022,93,A+
STU0808,2022,62,B-
STU0809,2022,43,D+
STU0810,2022,61,B-
STU0811,2022,63,B-
STU0812,2022,55,C+
STU0813,2022,84,A
STU0814,2022,83,A
STU0815,2022,52,C
STU0816,2022,47,C-
STU0817,2022,85,A+
STU0818,2022,68,B
STU0819,2022,79,A-
STU0820,2022,86,A+
STU0821,2022,77,A-
STU0822,2022,46,C-
STU0823,2022,90,A+
STU0824,2022,47,C-
STU0825,2022,84,A
STU0826,2022,72,B+
STU0827,2022,59,C+
STU0828,2022,44,D+
STU0829,2022,45,C-
STU0830,2022,60,B-
STU0831,2022,51,C
STU0832,2022,72,B+
STU0833,2022,46,C-
STU0834,2022,64,B-
STU0835,2022,39,D
STU0836,2022,44,D+
STU0837,2022,65,B
STU0838,2022,26,E
STU0839,2022,63,B-
STU0840,2022,62,B-
STU0841,2022,27,E
STU0842,2022,35,D
STU0843,2022,34,E
STU0844,2022,74,B+
STU0845,2022,59,C+
STU0846,2022,67,B
STU0847,2022,36,D
STU0848,2022,85,A+
STU0849,2022,72,B+
STU0850,2022,72,B+
STU0851,2022,48,C-
STU0852,2022,58,C+
STU0853,2022,42,D+
STU0854,2022,77,A-
STU0855,2022,40,D+
STU0856,2022,74,B+
STU0857,2022,75,A-
STU0858,2022,88,A+
STU0859,2022,74,B+
STU0860,2022,47,C-
STU0861,2022,82,A
STU0862,2022,61,B-
STU0863,2022,89,A+
STU0864,2022,94,A+
STU0865,2022,66,B
STU0866,2022,56,C+
STU0867,2022,87,A+
STU0868,2022,41,D+
STU0869,2022,62,B-
STU0870,2022,82,A
STU0871,2022,71,B+
STU0872,2022,96,A+
STU0873,2022,85,A+
STU0874,2022,42,D+
STU0875,2022,76,A-
STU0876,2022,79,A-
STU0877,2022,53,C
STU0878,2022,65,B
STU0879,2022,49,C-
STU0880,2022,67,B
STU0881,2022,62,B-
STU0882,2022,59,C+
STU0883,2022,27,E
STU0884,2022,63,B-
STU0885,2022,67,B
STU0886,2022,74,B+
STU0887,2022,46,C-
STU0888,2022,54,C
STU0889,2022,49,C-
STU0890,2022,65,B
STU0891,2022,60,B-
STU0892,2022,78,A-
STU0893,2022,49,C-
STU0894,2022,93,A+
STU0895,2022,71,B+
STU0896,2022,67,B
STU0897,2022,40,D+
STU0898,2022,61,B-
STU0899,2022,38,D
STU0900,2022,69,B
STU0901,2022,36,D
STU0902,2022,53,C
STU0903,2022,37,D
STU0904,2022,86,A+
STU0905,2022,88,A+
STU0906,2022,63,B-
STU0907,2022,42,D+
STU0908,2022,73,B+
STU0909,2022,75,A-
STU0910,2022,81,A
STU0911,2022,86,A+
STU0912,2022,80,A
STU0913,2022,41,D+
STU0914,2022,29,E
STU0915,2022,54,C
STU0916,2022,59,C+
STU0917,2022,73,B+
STU0918,2022,65,B
STU0919,2022,43,D+
STU0920,2022,77,A-
STU0921,2022,54,C
STU0922,2022,56,C+
STU0923,2022,64,B-
STU0924,2022,46,C-
STU0925,2022,62,B-
STU0926,2022,37,D
STU0927,2022,30,E
STU0928,2022,79,A-
STU0929,2022,77,A-
STU0930,2022,39,D
STU0931,2022,33,E
STU0932,2022,58,C+
STU0933,2022,37,D
STU0934,2022,38,D
STU0935,2022,57,C+
STU0936,2022,25,E
STU0937,2022,45,C-
STU0938,2022,64,B-
STU0939,2022,77,A-
STU0940,2022,44,D+
STU0941,2022,33,E
STU0942,2022,86,A+
STU0943,2022,58,C+
STU0944,2022,70,B+
STU0945,2022,51,C
STU0946,2022,37,D
STU0947,2022,89,A+
STU0948,2022,73,B+
STU0949,2022,76,A-
STU0950,2022,44,D+
STU0951,2022,68,B
STU0952,2022,78,A-
STU0953,2022,56,C+
STU0954,2022,56,C+
STU0955,2022,57,C+
STU0956,2022,67,B
STU0957,2022,38,D
STU0958,2022,90,A+
STU0959,2022,55,C+
STU0960,2022,90,A+
STU0961,2023,59,C+
STU0962,2023,82,A
STU0963,2023,51,C
STU0964,2023,63,B-
STU0965,2023,68,B
STU0966,2023,58,C+
STU0967,2023,56,C+
STU0968,2023,82,A
STU0969,2023,56,C+
STU0970,2023,65,B
STU0971,2023,84,A
STU0972,2023,65,B
STU0973,2023,55,C+
STU0974,2023,46,C-
STU0975,2023,41,D+
STU0976,2023,31,E
STU0977,2023,52,C
STU0978,2023,70,B+
STU0979,2023,55,C+
STU0980,2023,80,A
STU0981,2023,64,B-
STU0982,2023,51,C
STU0983,2023,36,D
STU0984,2023,65,B
STU0985,2023,40,D+
STU0986,2023,39,D
STU0987,2023,39,D
STU0988,2023,56,C+
STU0989,2023,56,C+
STU0990,2023,57,C+
STU0991,2023,73,B+
STU0992,2023,46,C-
STU0993,2023,50,C
STU0994,2023,43,D+
STU0995,2023,77,A-
STU0996,2023,89,A+
STU0997,2023,71,B+
STU0998,2023,87,A+
STU0999,2023,83,A
STU1000,2023,84,A
STU1001,2023,82,A
STU1002,2023,87,A+
STU1003,2023,69,B
STU1004,2023,75,A-
STU1005,2023,59,C+
STU1006,2023,57,C+
STU1007,2023,75,A-
STU1008,2023,46,C-
STU1009,2023,57,C+
STU1010,2023,42,D+
STU1011,2023,57,C+
STU1012,2023,56,C+
STU1013,2023,94,A+
STU1014,2023,84,A
STU1015,2023,53,C
STU1016,2023,44,D+
STU1017,2023,86,A+
STU1018,2023,40,D+
STU1019,2023,46,C-
STU1020,2023,64,B-
STU1021,2023,58,C+
STU1022,2023,75,A-
STU1023,2023,89,A+
STU1024,2023,83,A
STU1025,2023,42,D+
STU1026,2023,48,C-
STU1027,2023,77,A-
STU1028,2023,50,C
STU1029,2023,45,C-
STU1030,2023,47,C-
STU1031,2023,39,D
STU1032,2023,69,B
STU1033,2023,37,D
STU1034,2023,45,C-
STU1035,2023,68,B
STU1036,2023,70,B+
STU1037,2023,66,B
STU1038,2023,65,B
STU1039,2023,62,B-
STU1040,2023,63,B-
STU1041,2023,87,A+
STU1042,2023,62,B-
STU1043,2023,83,A
STU1044,2023,54,C
STU1045,2023,71,B+
STU1046,2023,72,B+
STU1047,2023,85,A+
STU1048,2023,67,B
STU1049,2023,43,D+
STU1050,2023,77,A-
STU1051,2023,51,C
STU1052,2023,35,D
STU1053,2023,31,E
STU1054,2023,79,A-
STU1055,2023,57,C+
STU1056,2023,40,D+
STU1057,2023,47,C-
STU1058,2023,38,D
STU1059,2023,58,C+
STU1060,2023,78,A-
STU1061,2023,91,A+
STU1062,2023,52,C
STU1063,2023,72,B+
STU1064,2023,50,C
STU1065,2023,65,B
STU1066,2023,44,D+
STU1067,2023,55,C+
STU1068,2023,90,A+
STU1069,2023,41,D+
STU1070,2023,48,C-
STU1071,2023,88,A+
STU1072,2023,72,B+
STU1073,2023,80,A
STU1074,2023,71,B+
STU1075,2023,56,C+
STU1076,2023,59,C+
STU1077,2023,54,C
STU1078,2023,67,B
STU1079,2023,47,C-
STU1080,2023,73,B+
STU1081,2023,70,B+
STU1082,2023,48,C-
STU1083,2023,42,D+
STU1084,2023,61,B-
STU1085,2023,99,A+
STU1086,2023,83,A
STU1087,2023,73,B+
STU1088,2023,61,B-
STU1089,2023,50,C
STU1090,2023,81,A
STU1091,2023,70,B+
STU1092,2023,77,A-
STU1093,2023,58,C+
STU1094,2023,97,A+
STU1095,2023,61,B-
STU1096,2023,78,A-
STU1097,2023,52,C
STU1098,2023,68,B
STU1099,2023,83,A
STU1100,2023,45,C-
STU1101,2023,59,C+
STU1102,2023,42,D+
STU1103,2023,72,B+
STU1104,2023,45,C-
STU1105,2023,95,A+
STU1106,2023,77,A-
STU1107,2023,39,D
STU1108,2023,46,C-
STU1109,2023,51,C
STU1110,2023,68,B
STU1111,2023,42,D+
STU1112,2023,71,B+
STU1113,2023,46,C-
STU1114,2023,98,A+
STU1115,2023,59,C+
STU1116,2023,66,B
STU1117,2023,33,E
STU1118,2023,60,B-
STU1119,2023,61,B-
STU1120,2023,71,B+
STU1121,2023,84,A
STU1122,2023,35,D
STU1123,2023,43,D+
STU1124,2023,67,B
STU1125,2023,52,C
STU1126,2023,79,A-
STU1127,2023,63,B-
STU1128,2023,68,B
STU1129,2023,32,E
STU1130,2023,33,E
STU1131,2023,37,D
STU1132,2023,42,D+
STU1133,2023,69,B
STU1134,2023,56,C+
STU1135,2023,44,D+
STU1136,2023,95,A+
STU1137,2023,68,B
STU1138,2023,48,C-
STU1139,2023,71,B+
STU1140,2023,47,C-
STU1141,2023,78,A-
STU1142,2023,85,A+
STU1143,2023,48,C-
STU1144,2023,39,D
STU1145,2023,81,A
STU1146,2023,66,B
STU1147,2023,74,B+
STU1148,2023,81,A
STU1149,2023,66,B
STU1150,2023,38,D
STU1151,2023,43,D+
STU1152,2023,27,E
STU1153,2023,55,C+
STU1154,2023,40,D+
STU1155,2023,77,A-
STU1156,2023,59,C+
STU1157,2023,60,B-
STU1158,2023,82,A
STU1159,2023,49,C-
STU1160,2023,37,D
STU1161,2023,54,C
STU1162,2023,66,B
STU1163,2023,89,A+
STU1164,2023,37,D
STU1165,2023,79,A-
STU1166,2023,70,B+
STU1167,2023,58,C+
STU1168,2023,41,D+
STU1169,2023,49,C-
STU1170,2023,70,B+
STU1171,2023,81,A
STU1172,2023,71,B+
STU1173,2023,47,C-
STU1174,2023,86,A+
STU1175,2023,86,A+
STU1176,2023,72,B+
STU1177,2023,58,C+
STU1178,2023,47,C-
STU1179,2023,62,B-
STU1180,2023,62,B-
STU1181,2023,68,B
STU1182,2023,85,A+
STU1183,2023,60,B-
STU1184,2023,36,D
STU1185,2023,67,B
STU1186,2023,54,C
STU1187,2023,58,C+
STU1188,2023,52,C
STU1189,2023,76,A-
STU1190,2023,38,D
STU1191,2023,60,B-
STU1192,2023,66,B
STU1193,2023,97,A+
STU1194,2023,83,A
STU1195,2023,71,B+
STU1196,2023,72,B+
STU1197,2023,67,B
STU1198,2023,81,A
STU1199,2023,36,D
STU1200,2023,28,E
STU1201,2023,26,E
STU1202,2023,50,C
STU1203,2023,44,D+
STU1204,2023,53,C
STU1205,2023,57,C+
STU1206,2023,40,D+
STU1207,2023,70,B+
STU1208,2023,44,D+
STU1209,2023,26,E
STU1210,2023,78,A-
STU1211,2023,55,C+
STU1212,2023,81,A
STU1213,2023,62,B-
STU1214,2023,37,D
STU1215,2023,72,B+
STU1216,2023,56,C+
STU1217,2023,67,B
STU1218,2023,59,C+
STU1219,2023,80,A
STU1220,2023,41,D+
STU1221,2023,62,B-
STU1222,2023,41,D+
STU1223,2023,63,B-
STU1224,2023,55,C+
STU1225,2023,35,D
STU1226,2023,54,C
STU1227,2023,60,B-
STU1228,2023,68,B
STU1229,2023,78,A-
STU1230,2023,42,D+
STU1231,2023,27,E
STU1232,2023,55,C+
STU1233,2023,39,D
STU1234,2023,81,A
STU1235,2023,46,C-
STU1236,2023,31,E
STU1237,2023,80,A
STU1238,2023,45,C-
STU1239,2023,80,A
STU1240,2023,76,A-
STU1241,2023,71,B+
STU1242,2023,58,C+
STU1243,2023,39,D
STU1244,2023,32,E
STU1245,2023,79,A-
STU1246,2023,77,A-
STU1247,2023,64,B-
STU1248,2023,17,E
STU1249,2023,38,D
STU1250,2023,79,A-
STU1251,2023,34,E
STU1252,2023,69,B
STU1253,2023,35,D
STU1254,2023,69,B
STU1255,2023,65,B
STU1256,2023,49,C-
STU1257,2023,78,A-
STU1258,2023,73,B+
STU1259,2023,64,B-
STU1260,2023,52,C
STU1261,2023,63,B-
STU1262,2023,71,B+
STU1263,2023,60,B-
STU1264,2023,52,C
STU1265,2023,68,B
STU1266,2023,57,C+
STU1267,2023,82,A
STU1268,2023,75,A-
STU1269,2023,74,B+
STU1270,2023,85,A+
STU1271,2023,57,C+
STU1272,2023,40,D+
STU1273,2023,69,B
STU1274,2023,41,D+
STU1275,2023,44,D+
STU1276,2023,64,B-
STU1277,2023,89,A+
STU1278,2023,74,B+
STU1279,2023,34,E
STU1280,2023,61,B-
STU1281,2024,61,B-
STU1282,2024,36,D
STU1283,2024,73,B+
STU1284,2024,62,B-
STU1285,2024,69,B
STU1286,2024,86,A+
STU1287,2024,79,A-
STU1288,2024,84,A
STU1289,2024,61,B-
STU1290,2024,74,B+
STU1291,2024,75,A-
STU1292,2024,78,A-
STU1293,2024,69,B
STU1294,2024,39,D
STU1295,2024,55,C+
STU1296,2024,37,D
STU1297,2024,42,D+
STU1298,2024,43,D+
STU1299,2024,75,A-
STU1300,2024,45,C-
STU1301,2024,55,C+
STU1302,2024,100,A+
STU1303,2024,78,A-
STU1304,2024,43,D+
STU1305,2024,37,D
STU1306,2024,55,C+
STU1307,2024,34,E
STU1308,2024,40,D+
STU1309,2024,75,A-
STU1310,2024,79,A-
STU1311,2024,90,A+
STU1312,2024,85,A+
STU1313,2024,100,A+
STU1314,2024,100,A+
STU1315,2024,72,B+
STU1316,2024,55,C+
STU1317,2024,65,B
STU1318,2024,51,C
STU1319,2024,63,B-
STU1320,2024,46,C-
STU1321,2024,41,D+
STU1322,2024,64,B-
STU1323,2024,54,C
STU1324,2024,42,D+
STU1325,2024,64,B-
STU1326,2024,78,A-
STU1327,2024,65,B
STU1328,2024,52,C
STU1329,2024,51,C
STU1330,2024,95,A+
STU1331,2024,85,A+
STU1332,2024,85,A+
STU1333,2024,40,D+
STU1334,2024,66,B
STU1335,2024,89,A+
STU1336,2024,41,D+
STU1337,2024,53,C
STU1338,2024,33,E
STU1339,2024,85,A+
STU1340,2024,68,B
STU1341,2024,82,A
STU1342,2024,70,B+
STU1343,2024,72,B+
STU1344,2024,78,A-
STU1345,2024,46,C-
STU1346,2024,54,C
STU1347,2024,65,B
STU1348,2024,79,A-
STU1349,2024,60,B-
STU1350,2024,86,A+
STU1351,2024,50,C
STU1352,2024,43,D+
STU1353,2024,57,C+
STU1354,2024,53,C
STU1355,2024,54,C
STU1356,2024,38,D
STU1357,2024,37,D
STU1358,2024,36,D
STU1359,2024,44,D+
STU1360,2024,34,E
STU1361,2024,65,B
STU1362,2024,79,A-
STU1363,2024,48,C-
STU1364,2024,33,E
STU1365,2024,64,B-
STU1366,2024,66,B
STU1367,2024,48,C-
STU1368,2024,66,B
STU1369,2024,25,E
STU1370,2024,33,E
STU1371,2024,54,C
STU1372,2024,55,C+
STU1373,2024,78,A-
STU1374,2024,42,D+
STU1375,2024,35,D
STU1376,2024,34,E
STU1377,2024,62,B-
STU1378,2024,79,A-
STU1379,2024,67,B
STU1380,2024,72,B+
STU1381,2024,89,A+
STU1382,2024,71,B+
STU1383,2024,67,B
STU1384,2024,65,B
STU1385,2024,70,B+
STU1386,2024,73,B+
STU1387,2024,100,A+
STU1388,2024,79,A-
STU1389,2024,38,D
STU1390,2024,73,B+
STU1391,2024,76,A-
STU1392,2024,40,D+
STU1393,2024,66,B
STU1394,2024,56,C+
STU1395,2024,84,A
STU1396,2024,54,C
STU1397,2024,35,D
STU1398,2024,77,A-
STU1399,2024,88,A+
STU1400,2024,45,C-
STU1401,2024,20,E
STU1402,2024,46,C-
STU1403,2024,42,D+
STU1404,2024,72,B+
STU1405,2024,93,A+
STU1406,2024,48,C-
STU1407,2024,65,B
STU1408,2024,61,B-
STU1409,2024,43,D+
STU1410,2024,57,C+
STU1411,2024,41,D+
STU1412,2024,53,C
STU1413,2024,72,B+
STU1414,2024,59,C+
STU1415,2024,78,A-
STU1416,2024,69,B
STU1417,2024,80,A
STU1418,2024,72,B+
STU1419,2024,40,D+
STU1420,2024,45,C-
STU1421,2024,62,B-
STU1422,2024,46,C-
STU1423,2024,65,B
STU1424,2024,82,A
STU1425,2024,32,E
STU1426,2024,78,A-
STU1427,2024,49,C-
STU1428,2024,84,A
STU1429,2024,69,B
STU1430,2024,44,D+
STU1431,2024,76,A-
STU1432,2024,69,B
STU1433,2024,91,A+
STU1434,2024,59,C+
STU1435,2024,29,E
STU1436,2024,62,B-
STU1437,2024,57,C+
STU1438,2024,72,B+
STU1439,2024,58,C+
STU1440,2024,86,A+
STU1441,2024,42,D+
STU1442,2024,56,C+
STU1443,2024,86,A+
STU1444,2024,46,C-
STU1445,2024,81,A
STU1446,2024,35,D
STU1447,2024,61,B-
STU1448,2024,34,E
STU1449,2024,62,B-
STU1450,2024,62,B-
STU1451,2024,44,D+
STU1452,2024,59,C+
STU1453,2024,52,C
STU1454,2024,54,C
STU1455,2024,43,D+
STU1456,2024,40,D+
STU1457,2024,56,C+
STU1458,2024,69,B
STU1459,2024,28,E
STU1460,2024,62,B-
STU1461,2024,84,A
STU1462,2024,60,B-
STU1463,2024,34,E
STU1464,2024,63,B-
STU1465,2024,73,B+
STU1466,2024,80,A
STU1467,2024,61,B-
STU1468,2024,74,B+
STU1469,2024,63,B-
STU1470,2024,57,C+
STU1471,2024,71,B+
STU1472,2024,68,B
STU1473,2024,77,A-
STU1474,2024,44,D+
STU1475,2024,77,A-
STU1476,2024,46,C-
STU1477,2024,66,B
STU1478,2024,75,A-
STU1479,2024,53,C
STU1480,2024,49,C-
STU1481,2024,58,C+
STU1482,2024,40,D+
STU1483,2024,65,B
STU1484,2024,52,C
STU1485,2024,59,C+
STU1486,2024,57,C+
STU1487,2024,75,A-
STU1488,2024,60,B-
STU1489,2024,53,C
STU1490,2024,64,B-
STU1491,2024,46,C-
STU1492,2024,93,A+
STU1493,2024,39,D
STU1494,2024,78,A-
STU1495,2024,80,A
STU1496,2024,60,B-
STU1497,2024,35,D
STU1498,2024,75,A-
STU1499,2024,43,D+
STU1500,2024,55,C+
STU1501,2024,82,A
STU1502,2024,34,E
STU1503,2024,53,C
STU1504,2024,92,A+
STU1505,2024,65,B
STU1506,2024,44,D+
STU1507,2024,82,A
STU1508,2024,29,E
STU1509,2024,86,A+
STU1510,2024,100,A+
STU1511,2024,78,A-
STU1512,2024,39,D
STU1513,2024,36,D
STU1514,2024,65,B
STU1515,2024,82,A
STU1516,2024,83,A
STU1517,2024,94,A+
STU1518,2024,79,A-
STU1519,2024,64,B-
STU1520,2024,94,A+
STU1521,2024,69,B
STU1522,2024,87,A+
STU1523,2024,57,C+
STU1524,2024,44,D+
STU1525,2024,68,B
STU1526,2024,71,B+
STU1527,2024,71,B+
STU1528,2024,73,B+
STU1529,2024,86,A+
STU1530,2024,54,C
STU1531,2024,26,E
STU1532,2024,47,C-
STU1533,2024,60,B-
STU1534,2024,62,B-
STU1535,2024,57,C+
STU1536,2024,67,B
STU1537,2024,83,A
STU1538,2024,63,B-
STU1539,2024,66,B
STU1540,2024,40,D+
STU1541,2024,59,C+
STU1542,2024,56,C+
STU1543,2024,32,E
STU1544,2024,34,E
STU1545,2024,69,B
STU1546,2024,71,B+
STU1547,2024,79,A-
STU1548,2024,43,D+
STU1549,2024,73,B+
STU1550,2024,85,A+
STU1551,2024,36,D
STU1552,2024,46,C-
STU1553,2024,36,D
STU1554,2024,71,B+
STU1555,2024,52,C
STU1556,2024,60,B-
STU1557,2024,85,A+
STU1558,2024,74,B+
STU1559,2024,57,C+
STU1560,2024,41,D+
STU1561,2024,69,B
STU1562,2024,73,B+
STU1563,2024,67,B
STU1564,2024,65,B
STU1565,2024,41,D+
STU1566,2024,54,C
STU1567,2024,44,D+
STU1568,2024,69,B
STU1569,2024,90,A+
STU1570,2024,66,B
STU1571,2024,55,C+
STU1572,2024,69,B
STU1573,2024,29,E
STU1574,2024,70,B+
STU1575,2024,40,D+
STU1576,2024,59,C+
STU1577,2024,59,C+
STU1578,2024,90,A+
STU1579,2024,39,D
STU1580,2024,33,E
STU1581,2024,35,D
STU1582,2024,69,B
STU1583,2024,65,B
STU1584,2024,43,D+
STU1585,2024,89,A+
STU1586,2024,82,A
STU1587,2024,46,C-
STU1588,2024,46,C-
STU1589,2024,68,B
STU1590,2024,60,B-
STU1591,2024,78,A-
STU1592,2024,76,A-
STU1593,2024,57,C+
STU1594,2024,57,C+
STU1595,2024,68,B
STU1596,2024,83,A
STU1597,2024,41,D+
STU1598,2024,63,B-
STU1599,2024,38,D
STU1600,2024,61,B-
